Vendor ID,Vendor Name,Category,Region,Unit Cost (₹ / 100 boxes),Quality Score (0-100),Lead Time (days)
V001,ApexPack Solutions,Corrugated Shipping Boxes,Delhi NCR,594.78,78.5,3.9
V002,BluePeak Packaging,Corrugated Shipping Boxes,Haryana,558.25,80.0,7.2
V003,CoreWrap Industries,Corrugated Shipping Boxes,Gujarat,455.00,88.5,3.2
V004,DeltaBox Supplies,Corrugated Shipping Boxes,Maharashtra,493.42,78.5,3.4
V005,EcoCarton Works,Corrugated Shipping Boxes,UP,545.18,89.8,7.7
V006,FlexiPack India,Corrugated Shipping Boxes,Rajasthan,531.63,95.0,7.9
V007,GreenLine Packs,Corrugated Shipping Boxes,Delhi NCR,535.00,97.2,5.5
V008,Horizon Corrugators,Corrugated Shipping Boxes,Tamil Nadu,554.63,94.1,6.8
V009,IndusPack Materials,Corrugated Shipping Boxes,Karnataka,533.55,84.1,5.9
V010,Jupiter Cartons,Corrugated Shipping Boxes,Rajasthan,490.00,92.5,2.6
V011,KraftEdge Packaging,Corrugated Shipping Boxes,Haryana,472.05,90.3,2.3
V012,LotusBox Industries,Corrugated Shipping Boxes,Gujarat,480.45,83.6,6.9
V013,MetroPack Solutions,Corrugated Shipping Boxes,Maharashtra,471.54,93.2,3.6
V014,NovaCarton Co.,Corrugated Shipping Boxes,Haryana,515.00,95.0,2.4
V015,OmniWrap Systems,Corrugated Shipping Boxes,UP,520.14,92.3,6.4
V016,PrimeCorr Supplies,Corrugated Shipping Boxes,Gujarat,542.68,87.1,7.3
V017,QuickFold Packaging,Corrugated Shipping Boxes,Rajasthan,569.83,90.9,8.5
V018,RidgePack Industries,Corrugated Shipping Boxes,Haryana,440.00,84.0,2.2
V019,ShieldCarton Works,Corrugated Shipping Boxes,Maharashtra,460.72,84.3,4.7
V020,TruBox Materials,Corrugated Shipping Boxes,Delhi NCR,523.93,84.5,6.0
V021,UrbanPack Solutions,Corrugated Shipping Boxes,Tamil Nadu,614.38,85.5,5.1
V022,ValueWrap Industries,Corrugated Shipping Boxes,Rajasthan,525.00,90.5,2.0
V023,WestArc Packaging,Corrugated Shipping Boxes,Haryana,463.86,98.0,5.6
V024,XpressCarton Co.,Corrugated Shipping Boxes,UP,566.31,85.7,5.4
V025,YashPack Supplies,Corrugated Shipping Boxes,Gujarat,566.99,94.3,8.4
V026,Zenith Corrugators,Corrugated Shipping Boxes,Delhi NCR,570.00,98.0,4.2
V027,AlphaBoard Packaging,Corrugated Shipping Boxes,Maharashtra,487.07,88.9,7.6
V028,BrightBox Materials,Corrugated Shipping Boxes,Karnataka,494.45,89.5,6.3
V029,CrestPack Industries,Corrugated Shipping Boxes,Rajasthan,523.29,93.7,5.8
V030,EverKraft Solutions,Corrugated Shipping Boxes,Delhi NCR,537.15,81.4,4.1
